Date,Keyword,Total Search
7/1/2018,Pesantren: (Indonesia),41
7/8/2018,Pesantren: (Indonesia),40
7/15/2018,Pesantren: (Indonesia),33
7/22/2018,Pesantren: (Indonesia),29
7/29/2018,Pesantren: (Indonesia),26
8/5/2018,Pesantren: (Indonesia),25
8/12/2018,Pesantren: (Indonesia),25
8/19/2018,Pesantren: (Indonesia),26
8/26/2018,Pesantren: (Indonesia),26
9/2/2018,Pesantren: (Indonesia),25
9/9/2018,Pesantren: (Indonesia),28
9/16/2018,Pesantren: (Indonesia),26
9/23/2018,Pesantren: (Indonesia),26
9/30/2018,Pesantren: (Indonesia),28
10/7/2018,Pesantren: (Indonesia),29
10/14/2018,Pesantren: (Indonesia),31
10/21/2018,Pesantren: (Indonesia),33
10/28/2018,Pesantren: (Indonesia),28
11/4/2018,Pesantren: (Indonesia),30
11/11/2018,Pesantren: (Indonesia),31
11/18/2018,Pesantren: (Indonesia),35
11/25/2018,Pesantren: (Indonesia),34
12/2/2018,Pesantren: (Indonesia),31
12/9/2018,Pesantren: (Indonesia),31
12/16/2018,Pesantren: (Indonesia),38
12/23/2018,Pesantren: (Indonesia),37
12/30/2018,Pesantren: (Indonesia),40
1/6/2019,Pesantren: (Indonesia),38
1/13/2019,Pesantren: (Indonesia),35
1/20/2019,Pesantren: (Indonesia),42
1/27/2019,Pesantren: (Indonesia),37
2/3/2019,Pesantren: (Indonesia),37
2/10/2019,Pesantren: (Indonesia),35
2/17/2019,Pesantren: (Indonesia),34
2/24/2019,Pesantren: (Indonesia),29
3/3/2019,Pesantren: (Indonesia),37
3/10/2019,Pesantren: (Indonesia),30
3/17/2019,Pesantren: (Indonesia),33
3/24/2019,Pesantren: (Indonesia),34
3/31/2019,Pesantren: (Indonesia),35
4/7/2019,Pesantren: (Indonesia),33
4/14/2019,Pesantren: (Indonesia),31
4/21/2019,Pesantren: (Indonesia),31
4/28/2019,Pesantren: (Indonesia),46
5/5/2019,Pesantren: (Indonesia),41
5/12/2019,Pesantren: (Indonesia),43
5/19/2019,Pesantren: (Indonesia),40
5/26/2019,Pesantren: (Indonesia),37
6/2/2019,Pesantren: (Indonesia),38
6/9/2019,Pesantren: (Indonesia),47
6/16/2019,Pesantren: (Indonesia),50
6/23/2019,Pesantren: (Indonesia),49
6/30/2019,Pesantren: (Indonesia),50
7/7/2019,Pesantren: (Indonesia),47
7/14/2019,Pesantren: (Indonesia),41
7/21/2019,Pesantren: (Indonesia),33
7/28/2019,Pesantren: (Indonesia),29
8/4/2019,Pesantren: (Indonesia),30
8/11/2019,Pesantren: (Indonesia),31
8/18/2019,Pesantren: (Indonesia),30
8/25/2019,Pesantren: (Indonesia),28
9/1/2019,Pesantren: (Indonesia),30
9/8/2019,Pesantren: (Indonesia),32
9/15/2019,Pesantren: (Indonesia),31
9/22/2019,Pesantren: (Indonesia),40
9/29/2019,Pesantren: (Indonesia),31
10/6/2019,Pesantren: (Indonesia),31
10/13/2019,Pesantren: (Indonesia),31
10/20/2019,Pesantren: (Indonesia),34
10/27/2019,Pesantren: (Indonesia),31
11/3/2019,Pesantren: (Indonesia),33
11/10/2019,Pesantren: (Indonesia),33
11/17/2019,Pesantren: (Indonesia),35
11/24/2019,Pesantren: (Indonesia),32
12/1/2019,Pesantren: (Indonesia),32
12/8/2019,Pesantren: (Indonesia),32
12/15/2019,Pesantren: (Indonesia),38
12/22/2019,Pesantren: (Indonesia),40
12/29/2019,Pesantren: (Indonesia),37
1/5/2020,Pesantren: (Indonesia),36
1/12/2020,Pesantren: (Indonesia),38
1/19/2020,Pesantren: (Indonesia),37
1/26/2020,Pesantren: (Indonesia),34
2/2/2020,Pesantren: (Indonesia),32
2/9/2020,Pesantren: (Indonesia),35
2/16/2020,Pesantren: (Indonesia),28
2/23/2020,Pesantren: (Indonesia),33
3/1/2020,Pesantren: (Indonesia),29
3/8/2020,Pesantren: (Indonesia),30
3/15/2020,Pesantren: (Indonesia),26
3/22/2020,Pesantren: (Indonesia),25
3/29/2020,Pesantren: (Indonesia),26
4/5/2020,Pesantren: (Indonesia),26
4/12/2020,Pesantren: (Indonesia),26
4/19/2020,Pesantren: (Indonesia),29
4/26/2020,Pesantren: (Indonesia),33
5/3/2020,Pesantren: (Indonesia),34
5/10/2020,Pesantren: (Indonesia),34
5/17/2020,Pesantren: (Indonesia),28
5/24/2020,Pesantren: (Indonesia),37
5/31/2020,Pesantren: (Indonesia),57
6/7/2020,Pesantren: (Indonesia),62
6/14/2020,Pesantren: (Indonesia),61
6/21/2020,Pesantren: (Indonesia),53
6/28/2020,Pesantren: (Indonesia),46
7/5/2020,Pesantren: (Indonesia),41
7/12/2020,Pesantren: (Indonesia),39
7/19/2020,Pesantren: (Indonesia),30
7/26/2020,Pesantren: (Indonesia),30
8/2/2020,Pesantren: (Indonesia),29
8/9/2020,Pesantren: (Indonesia),27
8/16/2020,Pesantren: (Indonesia),29
8/23/2020,Pesantren: (Indonesia),28
8/30/2020,Pesantren: (Indonesia),30
9/6/2020,Pesantren: (Indonesia),28
9/13/2020,Pesantren: (Indonesia),29
9/20/2020,Pesantren: (Indonesia),28
9/27/2020,Pesantren: (Indonesia),30
10/4/2020,Pesantren: (Indonesia),32
10/11/2020,Pesantren: (Indonesia),31
10/18/2020,Pesantren: (Indonesia),32
10/25/2020,Pesantren: (Indonesia),30
11/1/2020,Pesantren: (Indonesia),29
11/8/2020,Pesantren: (Indonesia),30
11/15/2020,Pesantren: (Indonesia),32
11/22/2020,Pesantren: (Indonesia),34
11/29/2020,Pesantren: (Indonesia),35
12/6/2020,Pesantren: (Indonesia),32
12/13/2020,Pesantren: (Indonesia),32
12/20/2020,Pesantren: (Indonesia),34
12/27/2020,Pesantren: (Indonesia),36
1/3/2021,Pesantren: (Indonesia),33
1/10/2021,Pesantren: (Indonesia),36
1/17/2021,Pesantren: (Indonesia),33
1/24/2021,Pesantren: (Indonesia),29
1/31/2021,Pesantren: (Indonesia),32
2/7/2021,Pesantren: (Indonesia),32
2/14/2021,Pesantren: (Indonesia),34
2/21/2021,Pesantren: (Indonesia),32
2/28/2021,Pesantren: (Indonesia),33
3/7/2021,Pesantren: (Indonesia),33
3/14/2021,Pesantren: (Indonesia),34
3/21/2021,Pesantren: (Indonesia),36
3/28/2021,Pesantren: (Indonesia),36
4/4/2021,Pesantren: (Indonesia),35
4/11/2021,Pesantren: (Indonesia),39
4/18/2021,Pesantren: (Indonesia),39
4/25/2021,Pesantren: (Indonesia),38
5/2/2021,Pesantren: (Indonesia),34
5/9/2021,Pesantren: (Indonesia),30
5/16/2021,Pesantren: (Indonesia),40
5/23/2021,Pesantren: (Indonesia),49
5/30/2021,Pesantren: (Indonesia),50
6/6/2021,Pesantren: (Indonesia),46
6/13/2021,Pesantren: (Indonesia),42
6/20/2021,Pesantren: (Indonesia),41
6/27/2021,Pesantren: (Indonesia),36
7/4/2021,Pesantren: (Indonesia),38
7/11/2021,Pesantren: (Indonesia),36
7/18/2021,Pesantren: (Indonesia),33
7/25/2021,Pesantren: (Indonesia),32
8/1/2021,Pesantren: (Indonesia),31
8/8/2021,Pesantren: (Indonesia),33
8/15/2021,Pesantren: (Indonesia),32
8/22/2021,Pesantren: (Indonesia),36
8/29/2021,Pesantren: (Indonesia),35
9/5/2021,Pesantren: (Indonesia),35
9/12/2021,Pesantren: (Indonesia),33
9/19/2021,Pesantren: (Indonesia),33
9/26/2021,Pesantren: (Indonesia),33
10/3/2021,Pesantren: (Indonesia),34
10/10/2021,Pesantren: (Indonesia),37
10/17/2021,Pesantren: (Indonesia),38
10/24/2021,Pesantren: (Indonesia),34
10/31/2021,Pesantren: (Indonesia),32
11/7/2021,Pesantren: (Indonesia),33
11/14/2021,Pesantren: (Indonesia),32
11/21/2021,Pesantren: (Indonesia),32
11/28/2021,Pesantren: (Indonesia),34
12/5/2021,Pesantren: (Indonesia),56
12/12/2021,Pesantren: (Indonesia),43
12/19/2021,Pesantren: (Indonesia),38
12/26/2021,Pesantren: (Indonesia),36
1/2/2022,Pesantren: (Indonesia),36
1/9/2022,Pesantren: (Indonesia),35
1/16/2022,Pesantren: (Indonesia),35
1/23/2022,Pesantren: (Indonesia),28
1/30/2022,Pesantren: (Indonesia),32
2/6/2022,Pesantren: (Indonesia),32
2/13/2022,Pesantren: (Indonesia),29
2/20/2022,Pesantren: (Indonesia),32
2/27/2022,Pesantren: (Indonesia),34
3/6/2022,Pesantren: (Indonesia),32
3/13/2022,Pesantren: (Indonesia),34
3/20/2022,Pesantren: (Indonesia),38
3/27/2022,Pesantren: (Indonesia),39
4/3/2022,Pesantren: (Indonesia),40
4/10/2022,Pesantren: (Indonesia),42
4/17/2022,Pesantren: (Indonesia),45
4/24/2022,Pesantren: (Indonesia),36
5/1/2022,Pesantren: (Indonesia),36
5/8/2022,Pesantren: (Indonesia),46
5/15/2022,Pesantren: (Indonesia),43
5/22/2022,Pesantren: (Indonesia),37
5/29/2022,Pesantren: (Indonesia),36
6/5/2022,Pesantren: (Indonesia),35
6/12/2022,Pesantren: (Indonesia),39
6/19/2022,Pesantren: (Indonesia),40
6/26/2022,Pesantren: (Indonesia),45
7/3/2022,Pesantren: (Indonesia),58
7/10/2022,Pesantren: (Indonesia),53
7/17/2022,Pesantren: (Indonesia),41
7/24/2022,Pesantren: (Indonesia),33
7/31/2022,Pesantren: (Indonesia),29
8/7/2022,Pesantren: (Indonesia),28
8/14/2022,Pesantren: (Indonesia),29
8/21/2022,Pesantren: (Indonesia),28
8/28/2022,Pesantren: (Indonesia),28
9/4/2022,Pesantren: (Indonesia),30
9/11/2022,Pesantren: (Indonesia),27
9/18/2022,Pesantren: (Indonesia),26
9/25/2022,Pesantren: (Indonesia),26
10/2/2022,Pesantren: (Indonesia),30
10/9/2022,Pesantren: (Indonesia),28
10/16/2022,Pesantren: (Indonesia),31
10/23/2022,Pesantren: (Indonesia),31
10/30/2022,Pesantren: (Indonesia),29
11/6/2022,Pesantren: (Indonesia),28
11/13/2022,Pesantren: (Indonesia),31
11/20/2022,Pesantren: (Indonesia),27
11/27/2022,Pesantren: (Indonesia),27
12/4/2022,Pesantren: (Indonesia),27
12/11/2022,Pesantren: (Indonesia),28
12/18/2022,Pesantren: (Indonesia),31
12/25/2022,Pesantren: (Indonesia),29
1/1/2023,Pesantren: (Indonesia),32
1/8/2023,Pesantren: (Indonesia),30
1/15/2023,Pesantren: (Indonesia),28
1/22/2023,Pesantren: (Indonesia),28
1/29/2023,Pesantren: (Indonesia),28
2/5/2023,Pesantren: (Indonesia),27
2/12/2023,Pesantren: (Indonesia),26
2/19/2023,Pesantren: (Indonesia),29
2/26/2023,Pesantren: (Indonesia),29
3/5/2023,Pesantren: (Indonesia),31
3/12/2023,Pesantren: (Indonesia),33
3/19/2023,Pesantren: (Indonesia),35
3/26/2023,Pesantren: (Indonesia),40
4/2/2023,Pesantren: (Indonesia),37
4/9/2023,Pesantren: (Indonesia),43
4/16/2023,Pesantren: (Indonesia),27
4/23/2023,Pesantren: (Indonesia),43
4/30/2023,Pesantren: (Indonesia),44
5/7/2023,Pesantren: (Indonesia),39
5/14/2023,Pesantren: (Indonesia),35
5/21/2023,Pesantren: (Indonesia),35
5/28/2023,Pesantren: (Indonesia),33
6/4/2023,Pesantren: (Indonesia),37
6/11/2023,Pesantren: (Indonesia),37
6/18/2023,Pesantren: (Indonesia),45
6/25/2023,Pesantren: (Indonesia),50
7/2/2023,Pesantren: (Indonesia),49
7/9/2023,Pesantren: (Indonesia),50
7/16/2023,Pesantren: (Indonesia),42
7/23/2023,Pesantren: (Indonesia),30
7/30/2023,Pesantren: (Indonesia),30
7/1/2018,Madrasah: (Indonesia),7
7/8/2018,Madrasah: (Indonesia),8
7/15/2018,Madrasah: (Indonesia),10
7/22/2018,Madrasah: (Indonesia),10
7/29/2018,Madrasah: (Indonesia),9
8/5/2018,Madrasah: (Indonesia),7
8/12/2018,Madrasah: (Indonesia),6
8/19/2018,Madrasah: (Indonesia),5
8/26/2018,Madrasah: (Indonesia),7
9/2/2018,Madrasah: (Indonesia),7
9/9/2018,Madrasah: (Indonesia),7
9/16/2018,Madrasah: (Indonesia),7
9/23/2018,Madrasah: (Indonesia),7
9/30/2018,Madrasah: (Indonesia),9
10/7/2018,Madrasah: (Indonesia),8
10/14/2018,Madrasah: (Indonesia),9
10/21/2018,Madrasah: (Indonesia),10
10/28/2018,Madrasah: (Indonesia),10
11/4/2018,Madrasah: (Indonesia),13
11/11/2018,Madrasah: (Indonesia),14
11/18/2018,Madrasah: (Indonesia),15
11/25/2018,Madrasah: (Indonesia),14
12/2/2018,Madrasah: (Indonesia),13
12/9/2018,Madrasah: (Indonesia),11
12/16/2018,Madrasah: (Indonesia),8
12/23/2018,Madrasah: (Indonesia),5
12/30/2018,Madrasah: (Indonesia),6
1/6/2019,Madrasah: (Indonesia),9
1/13/2019,Madrasah: (Indonesia),10
1/20/2019,Madrasah: (Indonesia),9
1/27/2019,Madrasah: (Indonesia),10
2/3/2019,Madrasah: (Indonesia),9
2/10/2019,Madrasah: (Indonesia),11
2/17/2019,Madrasah: (Indonesia),10
2/24/2019,Madrasah: (Indonesia),15
3/3/2019,Madrasah: (Indonesia),9
3/10/2019,Madrasah: (Indonesia),9
3/17/2019,Madrasah: (Indonesia),10
3/24/2019,Madrasah: (Indonesia),10
3/31/2019,Madrasah: (Indonesia),9
4/7/2019,Madrasah: (Indonesia),9
4/14/2019,Madrasah: (Indonesia),7
4/21/2019,Madrasah: (Indonesia),9
4/28/2019,Madrasah: (Indonesia),9
5/5/2019,Madrasah: (Indonesia),9
5/12/2019,Madrasah: (Indonesia),19
5/19/2019,Madrasah: (Indonesia),13
5/26/2019,Madrasah: (Indonesia),7
6/2/2019,Madrasah: (Indonesia),3
6/9/2019,Madrasah: (Indonesia),18
6/16/2019,Madrasah: (Indonesia),21
6/23/2019,Madrasah: (Indonesia),13
6/30/2019,Madrasah: (Indonesia),9
7/7/2019,Madrasah: (Indonesia),10
7/14/2019,Madrasah: (Indonesia),12
7/21/2019,Madrasah: (Indonesia),9
7/28/2019,Madrasah: (Indonesia),8
8/4/2019,Madrasah: (Indonesia),8
8/11/2019,Madrasah: (Indonesia),8
8/18/2019,Madrasah: (Indonesia),11
8/25/2019,Madrasah: (Indonesia),12
9/1/2019,Madrasah: (Indonesia),11
9/8/2019,Madrasah: (Indonesia),11
9/15/2019,Madrasah: (Indonesia),11
9/22/2019,Madrasah: (Indonesia),11
9/29/2019,Madrasah: (Indonesia),11
10/6/2019,Madrasah: (Indonesia),11
10/13/2019,Madrasah: (Indonesia),11
10/20/2019,Madrasah: (Indonesia),12
10/27/2019,Madrasah: (Indonesia),11
11/3/2019,Madrasah: (Indonesia),10
11/10/2019,Madrasah: (Indonesia),12
11/17/2019,Madrasah: (Indonesia),14
11/24/2019,Madrasah: (Indonesia),18
12/1/2019,Madrasah: (Indonesia),15
12/8/2019,Madrasah: (Indonesia),17
12/15/2019,Madrasah: (Indonesia),15
12/22/2019,Madrasah: (Indonesia),14
12/29/2019,Madrasah: (Indonesia),13
1/5/2020,Madrasah: (Indonesia),9
1/12/2020,Madrasah: (Indonesia),9
1/19/2020,Madrasah: (Indonesia),8
1/26/2020,Madrasah: (Indonesia),8
2/2/2020,Madrasah: (Indonesia),9
2/9/2020,Madrasah: (Indonesia),11
2/16/2020,Madrasah: (Indonesia),9
2/23/2020,Madrasah: (Indonesia),9
3/1/2020,Madrasah: (Indonesia),10
3/8/2020,Madrasah: (Indonesia),11
3/15/2020,Madrasah: (Indonesia),10
3/22/2020,Madrasah: (Indonesia),9
3/29/2020,Madrasah: (Indonesia),11
4/5/2020,Madrasah: (Indonesia),11
4/12/2020,Madrasah: (Indonesia),14
4/19/2020,Madrasah: (Indonesia),12
4/26/2020,Madrasah: (Indonesia),19
5/3/2020,Madrasah: (Indonesia),19
5/10/2020,Madrasah: (Indonesia),18
5/17/2020,Madrasah: (Indonesia),13
5/24/2020,Madrasah: (Indonesia),14
5/31/2020,Madrasah: (Indonesia),20
6/7/2020,Madrasah: (Indonesia),24
6/14/2020,Madrasah: (Indonesia),21
6/21/2020,Madrasah: (Indonesia),14
6/28/2020,Madrasah: (Indonesia),11
7/5/2020,Madrasah: (Indonesia),11
7/12/2020,Madrasah: (Indonesia),18
7/19/2020,Madrasah: (Indonesia),13
7/26/2020,Madrasah: (Indonesia),8
8/2/2020,Madrasah: (Indonesia),9
8/9/2020,Madrasah: (Indonesia),9
8/16/2020,Madrasah: (Indonesia),7
8/23/2020,Madrasah: (Indonesia),9
8/30/2020,Madrasah: (Indonesia),9
9/6/2020,Madrasah: (Indonesia),13
9/13/2020,Madrasah: (Indonesia),14
9/20/2020,Madrasah: (Indonesia),14
9/27/2020,Madrasah: (Indonesia),14
10/4/2020,Madrasah: (Indonesia),19
10/11/2020,Madrasah: (Indonesia),15
10/18/2020,Madrasah: (Indonesia),11
10/25/2020,Madrasah: (Indonesia),11
11/1/2020,Madrasah: (Indonesia),11
11/8/2020,Madrasah: (Indonesia),13
11/15/2020,Madrasah: (Indonesia),15
11/22/2020,Madrasah: (Indonesia),15
11/29/2020,Madrasah: (Indonesia),21
12/6/2020,Madrasah: (Indonesia),16
12/13/2020,Madrasah: (Indonesia),14
12/20/2020,Madrasah: (Indonesia),11
12/27/2020,Madrasah: (Indonesia),17
1/3/2021,Madrasah: (Indonesia),16
1/10/2021,Madrasah: (Indonesia),12
1/17/2021,Madrasah: (Indonesia),12
1/24/2021,Madrasah: (Indonesia),14
1/31/2021,Madrasah: (Indonesia),14
2/7/2021,Madrasah: (Indonesia),12
2/14/2021,Madrasah: (Indonesia),12
2/21/2021,Madrasah: (Indonesia),13
2/28/2021,Madrasah: (Indonesia),14
3/7/2021,Madrasah: (Indonesia),15
3/14/2021,Madrasah: (Indonesia),20
3/21/2021,Madrasah: (Indonesia),17
3/28/2021,Madrasah: (Indonesia),15
4/4/2021,Madrasah: (Indonesia),13
4/11/2021,Madrasah: (Indonesia),7
4/18/2021,Madrasah: (Indonesia),9
4/25/2021,Madrasah: (Indonesia),9
5/2/2021,Madrasah: (Indonesia),9
5/9/2021,Madrasah: (Indonesia),4
5/16/2021,Madrasah: (Indonesia),7
5/23/2021,Madrasah: (Indonesia),13
5/30/2021,Madrasah: (Indonesia),17
6/6/2021,Madrasah: (Indonesia),23
6/13/2021,Madrasah: (Indonesia),16
6/20/2021,Madrasah: (Indonesia),12
6/27/2021,Madrasah: (Indonesia),9
7/4/2021,Madrasah: (Indonesia),14
7/11/2021,Madrasah: (Indonesia),14
7/18/2021,Madrasah: (Indonesia),8
7/25/2021,Madrasah: (Indonesia),9
8/1/2021,Madrasah: (Indonesia),10
8/8/2021,Madrasah: (Indonesia),9
8/15/2021,Madrasah: (Indonesia),9
8/22/2021,Madrasah: (Indonesia),10
8/29/2021,Madrasah: (Indonesia),10
9/5/2021,Madrasah: (Indonesia),10
9/12/2021,Madrasah: (Indonesia),10
9/19/2021,Madrasah: (Indonesia),10
9/26/2021,Madrasah: (Indonesia),11
10/3/2021,Madrasah: (Indonesia),10
10/10/2021,Madrasah: (Indonesia),11
10/17/2021,Madrasah: (Indonesia),10
10/24/2021,Madrasah: (Indonesia),9
10/31/2021,Madrasah: (Indonesia),10
11/7/2021,Madrasah: (Indonesia),10
11/14/2021,Madrasah: (Indonesia),12
11/21/2021,Madrasah: (Indonesia),14
11/28/2021,Madrasah: (Indonesia),16
12/5/2021,Madrasah: (Indonesia),15
12/12/2021,Madrasah: (Indonesia),12
12/19/2021,Madrasah: (Indonesia),7
12/26/2021,Madrasah: (Indonesia),7
1/2/2022,Madrasah: (Indonesia),10
1/9/2022,Madrasah: (Indonesia),11
1/16/2022,Madrasah: (Indonesia),10
1/23/2022,Madrasah: (Indonesia),11
1/30/2022,Madrasah: (Indonesia),10
2/6/2022,Madrasah: (Indonesia),10
2/13/2022,Madrasah: (Indonesia),13
2/20/2022,Madrasah: (Indonesia),13
2/27/2022,Madrasah: (Indonesia),14
3/6/2022,Madrasah: (Indonesia),17
3/13/2022,Madrasah: (Indonesia),19
3/20/2022,Madrasah: (Indonesia),20
3/27/2022,Madrasah: (Indonesia),16
4/3/2022,Madrasah: (Indonesia),11
4/10/2022,Madrasah: (Indonesia),12
4/17/2022,Madrasah: (Indonesia),10
4/24/2022,Madrasah: (Indonesia),7
5/1/2022,Madrasah: (Indonesia),4
5/8/2022,Madrasah: (Indonesia),12
5/15/2022,Madrasah: (Indonesia),14
5/22/2022,Madrasah: (Indonesia),16
5/29/2022,Madrasah: (Indonesia),18
6/5/2022,Madrasah: (Indonesia),23
6/12/2022,Madrasah: (Indonesia),21
6/19/2022,Madrasah: (Indonesia),16
6/26/2022,Madrasah: (Indonesia),13
7/3/2022,Madrasah: (Indonesia),15
7/10/2022,Madrasah: (Indonesia),13
7/17/2022,Madrasah: (Indonesia),16
7/24/2022,Madrasah: (Indonesia),12
7/31/2022,Madrasah: (Indonesia),13
8/7/2022,Madrasah: (Indonesia),11
8/14/2022,Madrasah: (Indonesia),10
8/21/2022,Madrasah: (Indonesia),11
8/28/2022,Madrasah: (Indonesia),10
9/4/2022,Madrasah: (Indonesia),11
9/11/2022,Madrasah: (Indonesia),11
9/18/2022,Madrasah: (Indonesia),11
9/25/2022,Madrasah: (Indonesia),12
10/2/2022,Madrasah: (Indonesia),11
10/9/2022,Madrasah: (Indonesia),12
10/16/2022,Madrasah: (Indonesia),11
10/23/2022,Madrasah: (Indonesia),11
10/30/2022,Madrasah: (Indonesia),13
11/6/2022,Madrasah: (Indonesia),12
11/13/2022,Madrasah: (Indonesia),14
11/20/2022,Madrasah: (Indonesia),13
11/27/2022,Madrasah: (Indonesia),16
12/4/2022,Madrasah: (Indonesia),18
12/11/2022,Madrasah: (Indonesia),15
12/18/2022,Madrasah: (Indonesia),11
12/25/2022,Madrasah: (Indonesia),8
1/1/2023,Madrasah: (Indonesia),9
1/8/2023,Madrasah: (Indonesia),10
1/15/2023,Madrasah: (Indonesia),11
1/22/2023,Madrasah: (Indonesia),12
1/29/2023,Madrasah: (Indonesia),13
2/5/2023,Madrasah: (Indonesia),13
2/12/2023,Madrasah: (Indonesia),12
2/19/2023,Madrasah: (Indonesia),16
2/26/2023,Madrasah: (Indonesia),17
3/5/2023,Madrasah: (Indonesia),18
3/12/2023,Madrasah: (Indonesia),17
3/19/2023,Madrasah: (Indonesia),10
3/26/2023,Madrasah: (Indonesia),14
4/2/2023,Madrasah: (Indonesia),13
4/9/2023,Madrasah: (Indonesia),12
4/16/2023,Madrasah: (Indonesia),5
4/23/2023,Madrasah: (Indonesia),6
4/30/2023,Madrasah: (Indonesia),17
5/7/2023,Madrasah: (Indonesia),20
5/14/2023,Madrasah: (Indonesia),18
5/21/2023,Madrasah: (Indonesia),18
5/28/2023,Madrasah: (Indonesia),20
6/4/2023,Madrasah: (Indonesia),23
6/11/2023,Madrasah: (Indonesia),19
6/18/2023,Madrasah: (Indonesia),16
6/25/2023,Madrasah: (Indonesia),15
7/2/2023,Madrasah: (Indonesia),15
7/9/2023,Madrasah: (Indonesia),14
7/16/2023,Madrasah: (Indonesia),15
7/23/2023,Madrasah: (Indonesia),11
7/30/2023,Madrasah: (Indonesia),10
7/1/2018,UIN: (Indonesia),61
7/8/2018,UIN: (Indonesia),85
7/15/2018,UIN: (Indonesia),65
7/22/2018,UIN: (Indonesia),79
7/29/2018,UIN: (Indonesia),64
8/5/2018,UIN: (Indonesia),48
8/12/2018,UIN: (Indonesia),42
8/19/2018,UIN: (Indonesia),43
8/26/2018,UIN: (Indonesia),45
9/2/2018,UIN: (Indonesia),42
9/9/2018,UIN: (Indonesia),35
9/16/2018,UIN: (Indonesia),31
9/23/2018,UIN: (Indonesia),26
9/30/2018,UIN: (Indonesia),83
10/7/2018,UIN: (Indonesia),31
10/14/2018,UIN: (Indonesia),23
10/21/2018,UIN: (Indonesia),22
10/28/2018,UIN: (Indonesia),19
11/4/2018,UIN: (Indonesia),21
11/11/2018,UIN: (Indonesia),20
11/18/2018,UIN: (Indonesia),20
11/25/2018,UIN: (Indonesia),21
12/2/2018,UIN: (Indonesia),21
12/9/2018,UIN: (Indonesia),26
12/16/2018,UIN: (Indonesia),32
12/23/2018,UIN: (Indonesia),38
12/30/2018,UIN: (Indonesia),45
1/6/2019,UIN: (Indonesia),57
1/13/2019,UIN: (Indonesia),70
1/20/2019,UIN: (Indonesia),72
1/27/2019,UIN: (Indonesia),77
2/3/2019,UIN: (Indonesia),76
2/10/2019,UIN: (Indonesia),57
2/17/2019,UIN: (Indonesia),43
2/24/2019,UIN: (Indonesia),40
3/3/2019,UIN: (Indonesia),30
3/10/2019,UIN: (Indonesia),29
3/17/2019,UIN: (Indonesia),34
3/24/2019,UIN: (Indonesia),35
3/31/2019,UIN: (Indonesia),43
4/7/2019,UIN: (Indonesia),34
4/14/2019,UIN: (Indonesia),24
4/21/2019,UIN: (Indonesia),39
4/28/2019,UIN: (Indonesia),36
5/5/2019,UIN: (Indonesia),33
5/12/2019,UIN: (Indonesia),41
5/19/2019,UIN: (Indonesia),31
5/26/2019,UIN: (Indonesia),38
6/2/2019,UIN: (Indonesia),30
6/9/2019,UIN: (Indonesia),47
6/16/2019,UIN: (Indonesia),53
6/23/2019,UIN: (Indonesia),44
6/30/2019,UIN: (Indonesia),74
7/7/2019,UIN: (Indonesia),98
7/14/2019,UIN: (Indonesia),77
7/21/2019,UIN: (Indonesia),72
7/28/2019,UIN: (Indonesia),71
8/4/2019,UIN: (Indonesia),47
8/11/2019,UIN: (Indonesia),59
8/18/2019,UIN: (Indonesia),56
8/25/2019,UIN: (Indonesia),51
9/1/2019,UIN: (Indonesia),55
9/8/2019,UIN: (Indonesia),38
9/15/2019,UIN: (Indonesia),31
9/22/2019,UIN: (Indonesia),30
9/29/2019,UIN: (Indonesia),28
10/6/2019,UIN: (Indonesia),31
10/13/2019,UIN: (Indonesia),27
10/20/2019,UIN: (Indonesia),24
10/27/2019,UIN: (Indonesia),25
11/3/2019,UIN: (Indonesia),24
11/10/2019,UIN: (Indonesia),26
11/17/2019,UIN: (Indonesia),29
11/24/2019,UIN: (Indonesia),26
12/1/2019,UIN: (Indonesia),26
12/8/2019,UIN: (Indonesia),31
12/15/2019,UIN: (Indonesia),50
12/22/2019,UIN: (Indonesia),50
12/29/2019,UIN: (Indonesia),54
1/5/2020,UIN: (Indonesia),65
1/12/2020,UIN: (Indonesia),75
1/19/2020,UIN: (Indonesia),69
1/26/2020,UIN: (Indonesia),79
2/2/2020,UIN: (Indonesia),67
2/9/2020,UIN: (Indonesia),50
2/16/2020,UIN: (Indonesia),43
2/23/2020,UIN: (Indonesia),37
3/1/2020,UIN: (Indonesia),29
3/8/2020,UIN: (Indonesia),27
3/15/2020,UIN: (Indonesia),21
3/22/2020,UIN: (Indonesia),18
3/29/2020,UIN: (Indonesia),20
4/5/2020,UIN: (Indonesia),35
4/12/2020,UIN: (Indonesia),27
4/19/2020,UIN: (Indonesia),25
4/26/2020,UIN: (Indonesia),28
5/3/2020,UIN: (Indonesia),28
5/10/2020,UIN: (Indonesia),25
5/17/2020,UIN: (Indonesia),25
5/24/2020,UIN: (Indonesia),25
5/31/2020,UIN: (Indonesia),40
6/7/2020,UIN: (Indonesia),39
6/14/2020,UIN: (Indonesia),39
6/21/2020,UIN: (Indonesia),37
6/28/2020,UIN: (Indonesia),44
7/5/2020,UIN: (Indonesia),42
7/12/2020,UIN: (Indonesia),40
7/19/2020,UIN: (Indonesia),37
7/26/2020,UIN: (Indonesia),59
8/2/2020,UIN: (Indonesia),37
8/9/2020,UIN: (Indonesia),44
8/16/2020,UIN: (Indonesia),44
8/23/2020,UIN: (Indonesia),75
8/30/2020,UIN: (Indonesia),53
9/6/2020,UIN: (Indonesia),50
9/13/2020,UIN: (Indonesia),47
9/20/2020,UIN: (Indonesia),38
9/27/2020,UIN: (Indonesia),57
10/4/2020,UIN: (Indonesia),58
10/11/2020,UIN: (Indonesia),52
10/18/2020,UIN: (Indonesia),45
10/25/2020,UIN: (Indonesia),40
11/1/2020,UIN: (Indonesia),42
11/8/2020,UIN: (Indonesia),42
11/15/2020,UIN: (Indonesia),43
11/22/2020,UIN: (Indonesia),44
11/29/2020,UIN: (Indonesia),37
12/6/2020,UIN: (Indonesia),36
12/13/2020,UIN: (Indonesia),41
12/20/2020,UIN: (Indonesia),46
12/27/2020,UIN: (Indonesia),48
1/3/2021,UIN: (Indonesia),61
1/10/2021,UIN: (Indonesia),50
1/17/2021,UIN: (Indonesia),49
1/24/2021,UIN: (Indonesia),48
1/31/2021,UIN: (Indonesia),60
2/7/2021,UIN: (Indonesia),59
2/14/2021,UIN: (Indonesia),69
2/21/2021,UIN: (Indonesia),66
2/28/2021,UIN: (Indonesia),45
3/7/2021,UIN: (Indonesia),45
3/14/2021,UIN: (Indonesia),45
3/21/2021,UIN: (Indonesia),70
3/28/2021,UIN: (Indonesia),42
4/4/2021,UIN: (Indonesia),39
4/11/2021,UIN: (Indonesia),50
4/18/2021,UIN: (Indonesia),43
4/25/2021,UIN: (Indonesia),40
5/2/2021,UIN: (Indonesia),37
5/9/2021,UIN: (Indonesia),27
5/16/2021,UIN: (Indonesia),37
5/23/2021,UIN: (Indonesia),37
5/30/2021,UIN: (Indonesia),38
6/6/2021,UIN: (Indonesia),38
6/13/2021,UIN: (Indonesia),90
6/20/2021,UIN: (Indonesia),78
6/27/2021,UIN: (Indonesia),71
7/4/2021,UIN: (Indonesia),61
7/11/2021,UIN: (Indonesia),64
7/18/2021,UIN: (Indonesia),41
7/25/2021,UIN: (Indonesia),41
8/1/2021,UIN: (Indonesia),44
8/8/2021,UIN: (Indonesia),40
8/15/2021,UIN: (Indonesia),45
8/22/2021,UIN: (Indonesia),45
8/29/2021,UIN: (Indonesia),51
9/5/2021,UIN: (Indonesia),46
9/12/2021,UIN: (Indonesia),40
9/19/2021,UIN: (Indonesia),42
9/26/2021,UIN: (Indonesia),43
10/3/2021,UIN: (Indonesia),40
10/10/2021,UIN: (Indonesia),39
10/17/2021,UIN: (Indonesia),37
10/24/2021,UIN: (Indonesia),35
10/31/2021,UIN: (Indonesia),36
11/7/2021,UIN: (Indonesia),42
11/14/2021,UIN: (Indonesia),37
11/21/2021,UIN: (Indonesia),38
11/28/2021,UIN: (Indonesia),35
12/5/2021,UIN: (Indonesia),38
12/12/2021,UIN: (Indonesia),38
12/19/2021,UIN: (Indonesia),46
12/26/2021,UIN: (Indonesia),43
1/2/2022,UIN: (Indonesia),52
1/9/2022,UIN: (Indonesia),58
1/16/2022,UIN: (Indonesia),48
1/23/2022,UIN: (Indonesia),52
1/30/2022,UIN: (Indonesia),46
2/6/2022,UIN: (Indonesia),44
2/13/2022,UIN: (Indonesia),53
2/20/2022,UIN: (Indonesia),52
2/27/2022,UIN: (Indonesia),50
3/6/2022,UIN: (Indonesia),47
3/13/2022,UIN: (Indonesia),40
3/20/2022,UIN: (Indonesia),43
3/27/2022,UIN: (Indonesia),60
4/3/2022,UIN: (Indonesia),43
4/10/2022,UIN: (Indonesia),50
4/17/2022,UIN: (Indonesia),46
4/24/2022,UIN: (Indonesia),33
5/1/2022,UIN: (Indonesia),19
5/8/2022,UIN: (Indonesia),39
5/15/2022,UIN: (Indonesia),43
5/22/2022,UIN: (Indonesia),46
5/29/2022,UIN: (Indonesia),48
6/5/2022,UIN: (Indonesia),50
6/12/2022,UIN: (Indonesia),54
6/19/2022,UIN: (Indonesia),78
6/26/2022,UIN: (Indonesia),97
7/3/2022,UIN: (Indonesia),76
7/10/2022,UIN: (Indonesia),62
7/17/2022,UIN: (Indonesia),69
7/24/2022,UIN: (Indonesia),65
7/31/2022,UIN: (Indonesia),61
8/7/2022,UIN: (Indonesia),50
8/14/2022,UIN: (Indonesia),63
8/21/2022,UIN: (Indonesia),58
8/28/2022,UIN: (Indonesia),61
9/4/2022,UIN: (Indonesia),54
9/11/2022,UIN: (Indonesia),51
9/18/2022,UIN: (Indonesia),45
9/25/2022,UIN: (Indonesia),37
10/2/2022,UIN: (Indonesia),37
10/9/2022,UIN: (Indonesia),37
10/16/2022,UIN: (Indonesia),37
10/23/2022,UIN: (Indonesia),35
10/30/2022,UIN: (Indonesia),33
11/6/2022,UIN: (Indonesia),30
11/13/2022,UIN: (Indonesia),36
11/20/2022,UIN: (Indonesia),34
11/27/2022,UIN: (Indonesia),32
12/4/2022,UIN: (Indonesia),37
12/11/2022,UIN: (Indonesia),43
12/18/2022,UIN: (Indonesia),49
12/25/2022,UIN: (Indonesia),63
1/1/2023,UIN: (Indonesia),61
1/8/2023,UIN: (Indonesia),60
1/15/2023,UIN: (Indonesia),67
1/22/2023,UIN: (Indonesia),55
1/29/2023,UIN: (Indonesia),59
2/5/2023,UIN: (Indonesia),63
2/12/2023,UIN: (Indonesia),60
2/19/2023,UIN: (Indonesia),58
2/26/2023,UIN: (Indonesia),58
3/5/2023,UIN: (Indonesia),44
3/12/2023,UIN: (Indonesia),39
3/19/2023,UIN: (Indonesia),33
3/26/2023,UIN: (Indonesia),53
4/2/2023,UIN: (Indonesia),59
4/9/2023,UIN: (Indonesia),45
4/16/2023,UIN: (Indonesia),28
4/23/2023,UIN: (Indonesia),25
4/30/2023,UIN: (Indonesia),37
5/7/2023,UIN: (Indonesia),48
5/14/2023,UIN: (Indonesia),44
5/21/2023,UIN: (Indonesia),47
5/28/2023,UIN: (Indonesia),42
6/4/2023,UIN: (Indonesia),52
6/11/2023,UIN: (Indonesia),57
6/18/2023,UIN: (Indonesia),100
6/25/2023,UIN: (Indonesia),74
7/2/2023,UIN: (Indonesia),80
7/9/2023,UIN: (Indonesia),75
7/16/2023,UIN: (Indonesia),65
7/23/2023,UIN: (Indonesia),61
7/30/2023,UIN: (Indonesia),60
